[
  {
    "date": "4/19/18 11:30",
    "ROC": -1.2282
  },
  {
    "date": "4/19/18 12:00",
    "ROC": 1.531
  },
  {
    "date": "4/19/18 12:30",
    "ROC": 2.5423
  },
  {
    "date": "4/19/18 13:00",
    "ROC": 2.7584
  },
  {
    "date": "4/19/18 13:30",
    "ROC": 2.6523
  },
  {
    "date": "4/19/18 14:00",
    "ROC": 1.8056
  },
  {
    "date": "4/19/18 14:30",
    "ROC": 1.3993
  },
  {
    "date": "4/19/18 15:00",
    "ROC": 1.1214
  },
  {
    "date": "4/19/18 15:30",
    "ROC": 0.3178
  },
  {
    "date": "4/19/18 16:00",
    "ROC": 0.5125
  },
  {
    "date": "4/20/18 9:30",
    "ROC": 0.5992
  },
  {
    "date": "4/20/18 10:00",
    "ROC": 1.4971
  },
  {
    "date": "4/20/18 10:30",
    "ROC": 2.4848
  },
  {
    "date": "4/20/18 11:00",
    "ROC": 1.5747
  },
  {
    "date": "4/20/18 11:30",
    "ROC": -0.1301
  },
  {
    "date": "4/20/18 12:00",
    "ROC": 1.4768
  },
  {
    "date": "4/20/18 12:30",
    "ROC": 1.3545
  },
  {
    "date": "4/20/18 13:00",
    "ROC": 1.4349
  },
  {
    "date": "4/20/18 13:30",
    "ROC": 1.495
  },
  {
    "date": "4/20/18 14:00",
    "ROC": 0.9181
  },
  {
    "date": "4/20/18 14:30",
    "ROC": -0.3051
  },
  {
    "date": "4/20/18 15:00",
    "ROC": 0.1478
  },
  {
    "date": "4/20/18 15:30",
    "ROC": 0.2814
  },
  {
    "date": "4/20/18 16:00",
    "ROC": 0.723
  },
  {
    "date": "4/23/18 9:30",
    "ROC": 1.4881
  },
  {
    "date": "4/23/18 10:00",
    "ROC": 1.7126
  },
  {
    "date": "4/23/18 10:30",
    "ROC": 2.1563
  },
  {
    "date": "4/23/18 11:00",
    "ROC": 1.6079
  },
  {
    "date": "4/23/18 11:30",
    "ROC": 0.7555
  },
  {
    "date": "4/23/18 12:00",
    "ROC": 0.5085
  },
  {
    "date": "4/23/18 12:30",
    "ROC": -1.1201
  },
  {
    "date": "4/23/18 13:00",
    "ROC": -1.8446
  },
  {
    "date": "4/23/18 13:30",
    "ROC": -1.5023
  },
  {
    "date": "4/23/18 14:00",
    "ROC": -1.3503
  },
  {
    "date": "4/23/18 14:30",
    "ROC": -1.8882
  },
  {
    "date": "4/23/18 15:00",
    "ROC": -1.9678
  },
  {
    "date": "4/23/18 15:30",
    "ROC": -1.8589
  },
  {
    "date": "4/23/18 16:00",
    "ROC": -2.2704
  },
  {
    "date": "4/24/18 9:30",
    "ROC": -1.3342
  },
  {
    "date": "4/24/18 10:00",
    "ROC": -1.5554
  },
  {
    "date": "4/24/18 10:30",
    "ROC": -2.6643
  },
  {
    "date": "4/24/18 11:00",
    "ROC": -3.179
  },
  {
    "date": "4/24/18 11:30",
    "ROC": -3.481
  },
  {
    "date": "4/24/18 12:00",
    "ROC": -3.0988
  },
  {
    "date": "4/24/18 12:30",
    "ROC": -3.7576
  },
  {
    "date": "4/24/18 13:00",
    "ROC": -4.9157
  },
  {
    "date": "4/24/18 13:30",
    "ROC": -5.5426
  },
  {
    "date": "4/24/18 14:00",
    "ROC": -5.7871
  },
  {
    "date": "4/24/18 14:30",
    "ROC": -6.9302
  },
  {
    "date": "4/24/18 15:00",
    "ROC": -6.4612
  },
  {
    "date": "4/24/18 15:30",
    "ROC": -6.5935
  },
  {
    "date": "4/24/18 16:00",
    "ROC": -6.3369
  },
  {
    "date": "4/25/18 9:30",
    "ROC": -6.1637
  },
  {
    "date": "4/25/18 10:00",
    "ROC": -8.9187
  },
  {
    "date": "4/25/18 10:30",
    "ROC": -9.1639
  },
  {
    "date": "4/25/18 11:00",
    "ROC": -8.4551
  },
  {
    "date": "4/25/18 11:30",
    "ROC": -6.6792
  },
  {
    "date": "4/25/18 12:00",
    "ROC": -8.4601
  },
  {
    "date": "4/25/18 12:30",
    "ROC": -8.0339
  },
  {
    "date": "4/25/18 13:00",
    "ROC": -8.032
  },
  {
    "date": "4/25/18 13:30",
    "ROC": -7.7116
  },
  {
    "date": "4/25/18 14:00",
    "ROC": -8.0812
  },
  {
    "date": "4/25/18 14:30",
    "ROC": -8.3616
  },
  {
    "date": "4/25/18 15:00",
    "ROC": -7.9797
  },
  {
    "date": "4/25/18 15:30",
    "ROC": -8.462
  },
  {
    "date": "4/25/18 16:00",
    "ROC": -8.1295
  },
  {
    "date": "4/26/18 9:30",
    "ROC": -7.4228
  },
  {
    "date": "4/26/18 10:00",
    "ROC": -6.757
  },
  {
    "date": "4/26/18 10:30",
    "ROC": -5.3082
  },
  {
    "date": "4/26/18 11:00",
    "ROC": -5.4291
  },
  {
    "date": "4/26/18 11:30",
    "ROC": -4.992
  },
  {
    "date": "4/26/18 12:00",
    "ROC": -4.8695
  },
  {
    "date": "4/26/18 12:30",
    "ROC": -4.9804
  },
  {
    "date": "4/26/18 13:00",
    "ROC": -4.6602
  },
  {
    "date": "4/26/18 13:30",
    "ROC": -3.2119
  },
  {
    "date": "4/26/18 14:00",
    "ROC": -3.9665
  },
  {
    "date": "4/26/18 14:30",
    "ROC": -3.8904
  },
  {
    "date": "4/26/18 15:00",
    "ROC": -3.1734
  },
  {
    "date": "4/26/18 15:30",
    "ROC": -3.4816
  },
  {
    "date": "4/26/18 16:00",
    "ROC": -3.6103
  },
  {
    "date": "4/27/18 11:30",
    "ROC": -1.2282
  },
  {
    "date": "4/27/18 12:00",
    "ROC": 1.531
  },
  {
    "date": "4/27/18 12:30",
    "ROC": 2.5423
  },
  {
    "date": "4/27/18 13:00",
    "ROC": 2.7584
  },
  {
    "date": "4/27/18 13:30",
    "ROC": 2.6523
  },
  {
    "date": "4/27/18 14:00",
    "ROC": 1.8056
  },
  {
    "date": "4/27/18 14:30",
    "ROC": 1.3993
  },
  {
    "date": "4/27/18 15:00",
    "ROC": 1.1214
  },
  {
    "date": "4/27/18 15:30",
    "ROC": 0.3178
  },
  {
    "date": "4/27/18 16:00",
    "ROC": 0.5125
  }
]