[
  {
    "date": "4/13/18 9:30",
    "OBV": 18491
  },
  {
    "date": "4/13/18 10:00",
    "OBV": -184393
  },
  {
    "date": "4/13/18 10:30",
    "OBV": -310570
  },
  {
    "date": "4/13/18 11:00",
    "OBV": -392018
  },
  {
    "date": "4/13/18 11:30",
    "OBV": -311070
  },
  {
    "date": "4/13/18 12:00",
    "OBV": -230412
  },
  {
    "date": "4/13/18 12:30",
    "OBV": -173269
  },
  {
    "date": "4/13/18 13:00",
    "OBV": -119065
  },
  {
    "date": "4/13/18 13:30",
    "OBV": -76795
  },
  {
    "date": "4/13/18 14:00",
    "OBV": -223802
  },
  {
    "date": "4/13/18 14:30",
    "OBV": -350517
  },
  {
    "date": "4/13/18 15:00",
    "OBV": -422005
  },
  {
    "date": "4/13/18 15:30",
    "OBV": -509665
  },
  {
    "date": "4/13/18 16:00",
    "OBV": -315232
  },
  {
    "date": "4/16/18 9:30",
    "OBV": -301088
  },
  {
    "date": "4/16/18 10:00",
    "OBV": -384653
  },
  {
    "date": "4/16/18 10:30",
    "OBV": -253610
  },
  {
    "date": "4/16/18 11:00",
    "OBV": -316482
  },
  {
    "date": "4/16/18 11:30",
    "OBV": -412673
  },
  {
    "date": "4/16/18 12:00",
    "OBV": -362336
  },
  {
    "date": "4/16/18 12:30",
    "OBV": -299474
  },
  {
    "date": "4/16/18 13:00",
    "OBV": -377083
  },
  {
    "date": "4/16/18 13:30",
    "OBV": -437327
  },
  {
    "date": "4/16/18 14:00",
    "OBV": -503492
  },
  {
    "date": "4/16/18 14:30",
    "OBV": -550774
  },
  {
    "date": "4/16/18 15:00",
    "OBV": -586918
  },
  {
    "date": "4/16/18 15:30",
    "OBV": -549791
  },
  {
    "date": "4/16/18 16:00",
    "OBV": -240431
  },
  {
    "date": "4/17/18 9:30",
    "OBV": -223141
  },
  {
    "date": "4/17/18 10:00",
    "OBV": -367531
  },
  {
    "date": "4/17/18 10:30",
    "OBV": -220434
  },
  {
    "date": "4/17/18 11:00",
    "OBV": -129958
  },
  {
    "date": "4/17/18 11:30",
    "OBV": -207885
  },
  {
    "date": "4/17/18 12:00",
    "OBV": -18615
  },
  {
    "date": "4/17/18 12:30",
    "OBV": 20041
  },
  {
    "date": "4/17/18 13:00",
    "OBV": -26760
  },
  {
    "date": "4/17/18 13:30",
    "OBV": 14985
  },
  {
    "date": "4/17/18 14:00",
    "OBV": 83402
  },
  {
    "date": "4/17/18 14:30",
    "OBV": 49209
  },
  {
    "date": "4/17/18 15:00",
    "OBV": 76130
  },
  {
    "date": "4/17/18 15:30",
    "OBV": 123507
  },
  {
    "date": "4/17/18 16:00",
    "OBV": -178306
  },
  {
    "date": "4/18/18 9:30",
    "OBV": -195015
  },
  {
    "date": "4/18/18 10:00",
    "OBV": -366668
  },
  {
    "date": "4/18/18 10:30",
    "OBV": -447253
  },
  {
    "date": "4/18/18 11:00",
    "OBV": -446753
  },
  {
    "date": "4/18/18 11:30",
    "OBV": -390319
  },
  {
    "date": "4/18/18 12:00",
    "OBV": -428177
  },
  {
    "date": "4/18/18 12:30",
    "OBV": -371502
  },
  {
    "date": "4/18/18 13:00",
    "OBV": -415218
  },
  {
    "date": "4/18/18 13:30",
    "OBV": -447778
  },
  {
    "date": "4/18/18 14:00",
    "OBV": -480166
  },
  {
    "date": "4/18/18 14:30",
    "OBV": -474964
  },
  {
    "date": "4/18/18 15:00",
    "OBV": -511776
  },
  {
    "date": "4/18/18 15:30",
    "OBV": -550818
  },
  {
    "date": "4/18/18 16:00",
    "OBV": -776980
  },
  {
    "date": "4/19/18 9:30",
    "OBV": -788069
  },
  {
    "date": "4/19/18 10:00",
    "OBV": -635630
  },
  {
    "date": "4/19/18 10:30",
    "OBV": -720779
  },
  {
    "date": "4/19/18 11:00",
    "OBV": -748757
  },
  {
    "date": "4/19/18 11:30",
    "OBV": -825483
  },
  {
    "date": "4/19/18 12:00",
    "OBV": -795623
  },
  {
    "date": "4/19/18 12:30",
    "OBV": -816117
  },
  {
    "date": "4/19/18 13:00",
    "OBV": -798387
  },
  {
    "date": "4/19/18 13:30",
    "OBV": -820984
  },
  {
    "date": "4/19/18 14:00",
    "OBV": -790243
  },
  {
    "date": "4/19/18 14:30",
    "OBV": -816703
  },
  {
    "date": "4/19/18 15:00",
    "OBV": -659965
  },
  {
    "date": "4/19/18 15:30",
    "OBV": -721262
  },
  {
    "date": "4/19/18 16:00",
    "OBV": -509089
  },
  {
    "date": "4/20/18 9:30",
    "OBV": -520519
  },
  {
    "date": "4/20/18 10:00",
    "OBV": -647046
  },
  {
    "date": "4/20/18 10:30",
    "OBV": -582096
  },
  {
    "date": "4/20/18 11:00",
    "OBV": -654331
  },
  {
    "date": "4/20/18 11:30",
    "OBV": -763719
  },
  {
    "date": "4/20/18 12:00",
    "OBV": -681052
  },
  {
    "date": "4/20/18 12:30",
    "OBV": -681052
  },
  {
    "date": "4/20/18 13:00",
    "OBV": -713349
  },
  {
    "date": "4/20/18 13:30",
    "OBV": -759193
  },
  {
    "date": "4/20/18 14:00",
    "OBV": -739313
  },
  {
    "date": "4/20/18 14:30",
    "OBV": -757327
  },
  {
    "date": "4/20/18 15:00",
    "OBV": -714573
  },
  {
    "date": "4/20/18 15:30",
    "OBV": -757962
  },
  {
    "date": "4/20/18 16:00",
    "OBV": -588476
  },
  {
    "date": "4/23/18 9:30",
    "OBV": -580435
  },
  {
    "date": "4/23/18 10:00",
    "OBV": -517267
  },
  {
    "date": "4/23/18 10:30",
    "OBV": -452720
  },
  {
    "date": "4/23/18 11:00",
    "OBV": -517330
  },
  {
    "date": "4/23/18 11:30",
    "OBV": -459338
  },
  {
    "date": "4/23/18 12:00",
    "OBV": -505672
  },
  {
    "date": "4/23/18 12:30",
    "OBV": -563123
  },
  {
    "date": "4/23/18 13:00",
    "OBV": -592031
  },
  {
    "date": "4/23/18 13:30",
    "OBV": -545756
  },
  {
    "date": "4/23/18 14:00",
    "OBV": -506516
  },
  {
    "date": "4/23/18 14:30",
    "OBV": -565858
  },
  {
    "date": "4/23/18 15:00",
    "OBV": -608000
  },
  {
    "date": "4/23/18 15:30",
    "OBV": -571057
  },
  {
    "date": "4/23/18 16:00",
    "OBV": -880291
  },
  {
    "date": "4/24/18 9:30",
    "OBV": -868780
  },
  {
    "date": "4/24/18 10:00",
    "OBV": -912139
  },
  {
    "date": "4/24/18 10:30",
    "OBV": -958765
  },
  {
    "date": "4/24/18 11:00",
    "OBV": -1008581
  },
  {
    "date": "4/24/18 11:30",
    "OBV": -1141040
  },
  {
    "date": "4/24/18 12:00",
    "OBV": -1165878
  },
  {
    "date": "4/24/18 12:30",
    "OBV": -1224535
  },
  {
    "date": "4/24/18 13:00",
    "OBV": -1297152
  },
  {
    "date": "4/24/18 13:30",
    "OBV": -1364596
  },
  {
    "date": "4/24/18 14:00",
    "OBV": -1451860
  },
  {
    "date": "4/24/18 14:30",
    "OBV": -1599197
  },
  {
    "date": "4/24/18 15:00",
    "OBV": -1442317
  },
  {
    "date": "4/24/18 15:30",
    "OBV": -1557644
  },
  {
    "date": "4/24/18 16:00",
    "OBV": -1203182
  },
  {
    "date": "4/25/18 9:30",
    "OBV": -1190739
  },
  {
    "date": "4/25/18 10:00",
    "OBV": -1389597
  },
  {
    "date": "4/25/18 10:30",
    "OBV": -1647563
  },
  {
    "date": "4/25/18 11:00",
    "OBV": -1401620
  },
  {
    "date": "4/25/18 11:30",
    "OBV": -1207511
  },
  {
    "date": "4/25/18 12:00",
    "OBV": -1338687
  },
  {
    "date": "4/25/18 12:30",
    "OBV": -1415096
  },
  {
    "date": "4/25/18 13:00",
    "OBV": -1508690
  },
  {
    "date": "4/25/18 13:30",
    "OBV": -1590801
  },
  {
    "date": "4/25/18 14:00",
    "OBV": -1700834
  },
  {
    "date": "4/25/18 14:30",
    "OBV": -1770608
  },
  {
    "date": "4/25/18 15:00",
    "OBV": -1650868
  },
  {
    "date": "4/25/18 15:30",
    "OBV": -1744798
  },
  {
    "date": "4/25/18 16:00",
    "OBV": -1459201
  },
  {
    "date": "4/26/18 9:30",
    "OBV": -1441487
  },
  {
    "date": "4/26/18 10:00",
    "OBV": -1155491
  },
  {
    "date": "4/26/18 10:30",
    "OBV": -1073782
  },
  {
    "date": "4/26/18 11:00",
    "OBV": -1002907
  },
  {
    "date": "4/26/18 11:30",
    "OBV": -924235
  },
  {
    "date": "4/26/18 12:00",
    "OBV": -847872
  },
  {
    "date": "4/26/18 12:30",
    "OBV": -810453
  },
  {
    "date": "4/26/18 13:00",
    "OBV": -752253
  },
  {
    "date": "4/26/18 13:30",
    "OBV": -712235
  },
  {
    "date": "4/26/18 14:00",
    "OBV": -751181
  },
  {
    "date": "4/26/18 14:30",
    "OBV": -691941
  },
  {
    "date": "4/26/18 15:00",
    "OBV": -630413
  },
  {
    "date": "4/26/18 15:30",
    "OBV": -692252
  },
  {
    "date": "4/26/18 16:00",
    "OBV": -490081
  },
  {
    "date": "4/27/18 9:30",
    "OBV": 18491
  },
  {
    "date": "4/27/18 10:00",
    "OBV": -184393
  },
  {
    "date": "4/27/18 10:30",
    "OBV": -310570
  },
  {
    "date": "4/27/18 11:00",
    "OBV": -392018
  },
  {
    "date": "4/27/18 11:30",
    "OBV": -311070
  },
  {
    "date": "4/27/18 12:00",
    "OBV": -230412
  },
  {
    "date": "4/27/18 12:30",
    "OBV": -173269
  },
  {
    "date": "4/27/18 13:00",
    "OBV": -119065
  },
  {
    "date": "4/27/18 13:30",
    "OBV": -76795
  },
  {
    "date": "4/27/18 14:00",
    "OBV": -223802
  },
  {
    "date": "4/27/18 14:30",
    "OBV": -350517
  },
  {
    "date": "4/27/18 15:00",
    "OBV": -422005
  },
  {
    "date": "4/27/18 15:30",
    "OBV": -509665
  },
  {
    "date": "4/27/18 16:00",
    "OBV": -315232
  }
]