[
  {
    "date": "4/13/18 9:30",
    "OBV": 84703
  },
  {
    "date": "4/13/18 10:00",
    "OBV": -901885
  },
  {
    "date": "4/13/18 10:30",
    "OBV": -1431547
  },
  {
    "date": "4/13/18 11:00",
    "OBV": -923455
  },
  {
    "date": "4/13/18 11:30",
    "OBV": -1236663
  },
  {
    "date": "4/13/18 12:00",
    "OBV": -1000640
  },
  {
    "date": "4/13/18 12:30",
    "OBV": -814580
  },
  {
    "date": "4/13/18 13:00",
    "OBV": -627529
  },
  {
    "date": "4/13/18 13:30",
    "OBV": -848074
  },
  {
    "date": "4/13/18 14:00",
    "OBV": -646930
  },
  {
    "date": "4/13/18 14:30",
    "OBV": -979554
  },
  {
    "date": "4/13/18 15:00",
    "OBV": -1262597
  },
  {
    "date": "4/13/18 15:30",
    "OBV": -1961993
  },
  {
    "date": "4/13/18 16:00",
    "OBV": -1186828
  },
  {
    "date": "4/16/18 9:30",
    "OBV": -1236873
  },
  {
    "date": "4/16/18 10:00",
    "OBV": -2266864
  },
  {
    "date": "4/16/18 10:30",
    "OBV": -1560853
  },
  {
    "date": "4/16/18 11:00",
    "OBV": -1905645
  },
  {
    "date": "4/16/18 11:30",
    "OBV": -2258350
  },
  {
    "date": "4/16/18 12:00",
    "OBV": -2529467
  },
  {
    "date": "4/16/18 12:30",
    "OBV": -2179704
  },
  {
    "date": "4/16/18 13:00",
    "OBV": -1834540
  },
  {
    "date": "4/16/18 13:30",
    "OBV": -2068638
  },
  {
    "date": "4/16/18 14:00",
    "OBV": -1918787
  },
  {
    "date": "4/16/18 14:30",
    "OBV": -2074197
  },
  {
    "date": "4/16/18 15:00",
    "OBV": -2404498
  },
  {
    "date": "4/16/18 15:30",
    "OBV": -2204510
  },
  {
    "date": "4/16/18 16:00",
    "OBV": -2697621
  },
  {
    "date": "4/17/18 9:30",
    "OBV": -2779089
  },
  {
    "date": "4/17/18 10:00",
    "OBV": -4245315
  },
  {
    "date": "4/17/18 10:30",
    "OBV": -3463952
  },
  {
    "date": "4/17/18 11:00",
    "OBV": -3848749
  },
  {
    "date": "4/17/18 11:30",
    "OBV": -3435408
  },
  {
    "date": "4/17/18 12:00",
    "OBV": -3895053
  },
  {
    "date": "4/17/18 12:30",
    "OBV": -4116424
  },
  {
    "date": "4/17/18 13:00",
    "OBV": -3963082
  },
  {
    "date": "4/17/18 13:30",
    "OBV": -3752645
  },
  {
    "date": "4/17/18 14:00",
    "OBV": -3871346
  },
  {
    "date": "4/17/18 14:30",
    "OBV": -4025112
  },
  {
    "date": "4/17/18 15:00",
    "OBV": -4186725
  },
  {
    "date": "4/17/18 15:30",
    "OBV": -4398103
  },
  {
    "date": "4/17/18 16:00",
    "OBV": -3818032
  },
  {
    "date": "4/18/18 9:30",
    "OBV": -3778327
  },
  {
    "date": "4/18/18 10:00",
    "OBV": -2048397
  },
  {
    "date": "4/18/18 10:30",
    "OBV": -2657137
  },
  {
    "date": "4/18/18 11:00",
    "OBV": -2670950
  },
  {
    "date": "4/18/18 11:30",
    "OBV": -2299747
  },
  {
    "date": "4/18/18 12:00",
    "OBV": -2593854
  },
  {
    "date": "4/18/18 12:30",
    "OBV": -2780969
  },
  {
    "date": "4/18/18 13:00",
    "OBV": -3000054
  },
  {
    "date": "4/18/18 13:30",
    "OBV": -2891325
  },
  {
    "date": "4/18/18 14:00",
    "OBV": -3005731
  },
  {
    "date": "4/18/18 14:30",
    "OBV": -3305467
  },
  {
    "date": "4/18/18 15:00",
    "OBV": -3506872
  },
  {
    "date": "4/18/18 15:30",
    "OBV": -3290778
  },
  {
    "date": "4/18/18 16:00",
    "OBV": -2882491
  },
  {
    "date": "4/19/18 9:30",
    "OBV": -2919544
  },
  {
    "date": "4/19/18 10:00",
    "OBV": -2355036
  },
  {
    "date": "4/19/18 10:30",
    "OBV": -2661535
  },
  {
    "date": "4/19/18 11:00",
    "OBV": -2132765
  },
  {
    "date": "4/19/18 11:30",
    "OBV": -1815854
  },
  {
    "date": "4/19/18 12:00",
    "OBV": -2089395
  },
  {
    "date": "4/19/18 12:30",
    "OBV": -2227448
  },
  {
    "date": "4/19/18 13:00",
    "OBV": -1911585
  },
  {
    "date": "4/19/18 13:30",
    "OBV": -2141285
  },
  {
    "date": "4/19/18 14:00",
    "OBV": -1767730
  },
  {
    "date": "4/19/18 14:30",
    "OBV": -1487693
  },
  {
    "date": "4/19/18 15:00",
    "OBV": -1212440
  },
  {
    "date": "4/19/18 15:30",
    "OBV": -1544859
  },
  {
    "date": "4/19/18 16:00",
    "OBV": -772693
  },
  {
    "date": "4/20/18 9:30",
    "OBV": -845471
  },
  {
    "date": "4/20/18 10:00",
    "OBV": -160080
  },
  {
    "date": "4/20/18 10:30",
    "OBV": -617938
  },
  {
    "date": "4/20/18 11:00",
    "OBV": -945315
  },
  {
    "date": "4/20/18 11:30",
    "OBV": -1286408
  },
  {
    "date": "4/20/18 12:00",
    "OBV": -1074967
  },
  {
    "date": "4/20/18 12:30",
    "OBV": -1286144
  },
  {
    "date": "4/20/18 13:00",
    "OBV": -1495644
  },
  {
    "date": "4/20/18 13:30",
    "OBV": -1340747
  },
  {
    "date": "4/20/18 14:00",
    "OBV": -1467063
  },
  {
    "date": "4/20/18 14:30",
    "OBV": -1679059
  },
  {
    "date": "4/20/18 15:00",
    "OBV": -1849242
  },
  {
    "date": "4/20/18 15:30",
    "OBV": -2121355
  },
  {
    "date": "4/20/18 16:00",
    "OBV": -2978355
  },
  {
    "date": "4/23/18 9:30",
    "OBV": -2939466
  },
  {
    "date": "4/23/18 10:00",
    "OBV": -3601746
  },
  {
    "date": "4/23/18 10:30",
    "OBV": -3927276
  },
  {
    "date": "4/23/18 11:00",
    "OBV": -3601241
  },
  {
    "date": "4/23/18 11:30",
    "OBV": -3845998
  },
  {
    "date": "4/23/18 12:00",
    "OBV": -3615623
  },
  {
    "date": "4/23/18 12:30",
    "OBV": -3761373
  },
  {
    "date": "4/23/18 13:00",
    "OBV": -3929244
  },
  {
    "date": "4/23/18 13:30",
    "OBV": -4054518
  },
  {
    "date": "4/23/18 14:00",
    "OBV": -4410324
  },
  {
    "date": "4/23/18 14:30",
    "OBV": -4693725
  },
  {
    "date": "4/23/18 15:00",
    "OBV": -4480553
  },
  {
    "date": "4/23/18 15:30",
    "OBV": -4312373
  },
  {
    "date": "4/23/18 16:00",
    "OBV": -4837527
  },
  {
    "date": "4/24/18 9:30",
    "OBV": -4790312
  },
  {
    "date": "4/24/18 10:00",
    "OBV": -4290478
  },
  {
    "date": "4/24/18 10:30",
    "OBV": -4704211
  },
  {
    "date": "4/24/18 11:00",
    "OBV": -4429887
  },
  {
    "date": "4/24/18 11:30",
    "OBV": -4949314
  },
  {
    "date": "4/24/18 12:00",
    "OBV": -5195523
  },
  {
    "date": "4/24/18 12:30",
    "OBV": -5416496
  },
  {
    "date": "4/24/18 13:00",
    "OBV": -5625371
  },
  {
    "date": "4/24/18 13:30",
    "OBV": -5384738
  },
  {
    "date": "4/24/18 14:00",
    "OBV": -5137397
  },
  {
    "date": "4/24/18 14:30",
    "OBV": -5349111
  },
  {
    "date": "4/24/18 15:00",
    "OBV": -5012429
  },
  {
    "date": "4/24/18 15:30",
    "OBV": -4684730
  },
  {
    "date": "4/24/18 16:00",
    "OBV": -5479902
  },
  {
    "date": "4/25/18 9:30",
    "OBV": -5448677
  },
  {
    "date": "4/25/18 10:00",
    "OBV": -5896087
  },
  {
    "date": "4/25/18 10:30",
    "OBV": -6396605
  },
  {
    "date": "4/25/18 11:00",
    "OBV": -6118862
  },
  {
    "date": "4/25/18 11:30",
    "OBV": -6385725
  },
  {
    "date": "4/25/18 12:00",
    "OBV": -6505884
  },
  {
    "date": "4/25/18 12:30",
    "OBV": -6380032
  },
  {
    "date": "4/25/18 13:00",
    "OBV": -6473276
  },
  {
    "date": "4/25/18 13:30",
    "OBV": -6609594
  },
  {
    "date": "4/25/18 14:00",
    "OBV": -6842527
  },
  {
    "date": "4/25/18 14:30",
    "OBV": -6690819
  },
  {
    "date": "4/25/18 15:00",
    "OBV": -6512801
  },
  {
    "date": "4/25/18 15:30",
    "OBV": -6648193
  },
  {
    "date": "4/25/18 16:00",
    "OBV": -6337258
  },
  {
    "date": "4/26/18 9:30",
    "OBV": -6385114
  },
  {
    "date": "4/26/18 10:00",
    "OBV": -5917950
  },
  {
    "date": "4/26/18 10:30",
    "OBV": -5339564
  },
  {
    "date": "4/26/18 11:00",
    "OBV": -5638859
  },
  {
    "date": "4/26/18 11:30",
    "OBV": -5877713
  },
  {
    "date": "4/26/18 12:00",
    "OBV": -6029847
  },
  {
    "date": "4/26/18 12:30",
    "OBV": -5855856
  },
  {
    "date": "4/26/18 13:00",
    "OBV": -5635938
  },
  {
    "date": "4/26/18 13:30",
    "OBV": -5748161
  },
  {
    "date": "4/26/18 14:00",
    "OBV": -5611298
  },
  {
    "date": "4/26/18 14:30",
    "OBV": -5395448
  },
  {
    "date": "4/26/18 15:00",
    "OBV": -5542397
  },
  {
    "date": "4/26/18 15:30",
    "OBV": -5395209
  },
  {
    "date": "4/26/18 16:00",
    "OBV": -4981898
  },
  {
    "date": "4/27/18 9:30",
    "OBV": 84703
  },
  {
    "date": "4/27/18 10:00",
    "OBV": -901885
  },
  {
    "date": "4/27/18 10:30",
    "OBV": -1431547
  },
  {
    "date": "4/27/18 11:00",
    "OBV": -923455
  },
  {
    "date": "4/27/18 11:30",
    "OBV": -1236663
  },
  {
    "date": "4/27/18 12:00",
    "OBV": -1000640
  },
  {
    "date": "4/27/18 12:30",
    "OBV": -814580
  },
  {
    "date": "4/27/18 13:00",
    "OBV": -627529
  },
  {
    "date": "4/27/18 13:30",
    "OBV": -848074
  },
  {
    "date": "4/27/18 14:00",
    "OBV": -646930
  },
  {
    "date": "4/27/18 14:30",
    "OBV": -979554
  },
  {
    "date": "4/27/18 15:00",
    "OBV": -1262597
  },
  {
    "date": "4/27/18 15:30",
    "OBV": -1961993
  },
  {
    "date": "4/27/18 16:00",
    "OBV": -1186828
  }
]