[
  {
    "date": "4/19/18 11:30",
    "ROC": -2.613
  },
  {
    "date": "4/19/18 12:00",
    "ROC": -1.7376
  },
  {
    "date": "4/19/18 12:30",
    "ROC": -1.3578
  },
  {
    "date": "4/19/18 13:00",
    "ROC": -1.1451
  },
  {
    "date": "4/19/18 13:30",
    "ROC": -1.4506
  },
  {
    "date": "4/19/18 14:00",
    "ROC": -0.5897
  },
  {
    "date": "4/19/18 14:30",
    "ROC": -0.8625
  },
  {
    "date": "4/19/18 15:00",
    "ROC": -0.5815
  },
  {
    "date": "4/19/18 15:30",
    "ROC": -0.4397
  },
  {
    "date": "4/19/18 16:00",
    "ROC": -0.7114
  },
  {
    "date": "4/20/18 9:30",
    "ROC": -2.2071
  },
  {
    "date": "4/20/18 10:00",
    "ROC": -0.3912
  },
  {
    "date": "4/20/18 10:30",
    "ROC": -0.1472
  },
  {
    "date": "4/20/18 11:00",
    "ROC": -1.2586
  },
  {
    "date": "4/20/18 11:30",
    "ROC": -1.7061
  },
  {
    "date": "4/20/18 12:00",
    "ROC": 1.8231
  },
  {
    "date": "4/20/18 12:30",
    "ROC": 0.3035
  },
  {
    "date": "4/20/18 13:00",
    "ROC": 0.5727
  },
  {
    "date": "4/20/18 13:30",
    "ROC": 1.3521
  },
  {
    "date": "4/20/18 14:00",
    "ROC": 1.1003
  },
  {
    "date": "4/20/18 14:30",
    "ROC": -0.0274
  },
  {
    "date": "4/20/18 15:00",
    "ROC": -1.152
  },
  {
    "date": "4/20/18 15:30",
    "ROC": -0.5268
  },
  {
    "date": "4/20/18 16:00",
    "ROC": -0.942
  },
  {
    "date": "4/23/18 9:30",
    "ROC": -0.4036
  },
  {
    "date": "4/23/18 10:00",
    "ROC": -1.0198
  },
  {
    "date": "4/23/18 10:30",
    "ROC": -1.9759
  },
  {
    "date": "4/23/18 11:00",
    "ROC": -1.0767
  },
  {
    "date": "4/23/18 11:30",
    "ROC": 0.0139
  },
  {
    "date": "4/23/18 12:00",
    "ROC": 2.3528
  },
  {
    "date": "4/23/18 12:30",
    "ROC": -0.0278
  },
  {
    "date": "4/23/18 13:00",
    "ROC": 0.019
  },
  {
    "date": "4/23/18 13:30",
    "ROC": -1.204
  },
  {
    "date": "4/23/18 14:00",
    "ROC": -1.8728
  },
  {
    "date": "4/23/18 14:30",
    "ROC": -2.1703
  },
  {
    "date": "4/23/18 15:00",
    "ROC": -2.1575
  },
  {
    "date": "4/23/18 15:30",
    "ROC": -1.8966
  },
  {
    "date": "4/23/18 16:00",
    "ROC": -2.0532
  },
  {
    "date": "4/24/18 9:30",
    "ROC": -1.3072
  },
  {
    "date": "4/24/18 10:00",
    "ROC": -1.123
  },
  {
    "date": "4/24/18 10:30",
    "ROC": -1.6801
  },
  {
    "date": "4/24/18 11:00",
    "ROC": -1.6268
  },
  {
    "date": "4/24/18 11:30",
    "ROC": -3.5358
  },
  {
    "date": "4/24/18 12:00",
    "ROC": -5.6303
  },
  {
    "date": "4/24/18 12:30",
    "ROC": -5.5061
  },
  {
    "date": "4/24/18 13:00",
    "ROC": -5.3598
  },
  {
    "date": "4/24/18 13:30",
    "ROC": -5.378
  },
  {
    "date": "4/24/18 14:00",
    "ROC": -4.1607
  },
  {
    "date": "4/24/18 14:30",
    "ROC": -4.3009
  },
  {
    "date": "4/24/18 15:00",
    "ROC": -2.8917
  },
  {
    "date": "4/24/18 15:30",
    "ROC": -2.8022
  },
  {
    "date": "4/24/18 16:00",
    "ROC": -3.5818
  },
  {
    "date": "4/25/18 9:30",
    "ROC": -2.9009
  },
  {
    "date": "4/25/18 10:00",
    "ROC": -3.9695
  },
  {
    "date": "4/25/18 10:30",
    "ROC": -4.4368
  },
  {
    "date": "4/25/18 11:00",
    "ROC": -3.6988
  },
  {
    "date": "4/25/18 11:30",
    "ROC": -3.0164
  },
  {
    "date": "4/25/18 12:00",
    "ROC": -4.096
  },
  {
    "date": "4/25/18 12:30",
    "ROC": -3.0472
  },
  {
    "date": "4/25/18 13:00",
    "ROC": -4.4162
  },
  {
    "date": "4/25/18 13:30",
    "ROC": -5.2614
  },
  {
    "date": "4/25/18 14:00",
    "ROC": -5.275
  },
  {
    "date": "4/25/18 14:30",
    "ROC": -5.0299
  },
  {
    "date": "4/25/18 15:00",
    "ROC": -5.5797
  },
  {
    "date": "4/25/18 15:30",
    "ROC": -5.1339
  },
  {
    "date": "4/25/18 16:00",
    "ROC": -5.935
  },
  {
    "date": "4/26/18 9:30",
    "ROC": -6.6807
  },
  {
    "date": "4/26/18 10:00",
    "ROC": -6.8205
  },
  {
    "date": "4/26/18 10:30",
    "ROC": -5.4357
  },
  {
    "date": "4/26/18 11:00",
    "ROC": -6.0317
  },
  {
    "date": "4/26/18 11:30",
    "ROC": -4.6373
  },
  {
    "date": "4/26/18 12:00",
    "ROC": -6.0718
  },
  {
    "date": "4/26/18 12:30",
    "ROC": -5.5844
  },
  {
    "date": "4/26/18 13:00",
    "ROC": -4.6985
  },
  {
    "date": "4/26/18 13:30",
    "ROC": -4.2766
  },
  {
    "date": "4/26/18 14:00",
    "ROC": -4.4238
  },
  {
    "date": "4/26/18 14:30",
    "ROC": -3.6248
  },
  {
    "date": "4/26/18 15:00",
    "ROC": -3.3827
  },
  {
    "date": "4/26/18 15:30",
    "ROC": -3.5325
  },
  {
    "date": "4/26/18 16:00",
    "ROC": -2.5898
  },
  {
    "date": "4/27/18 11:30",
    "ROC": -2.613
  },
  {
    "date": "4/27/18 12:00",
    "ROC": -1.7376
  },
  {
    "date": "4/27/18 12:30",
    "ROC": -1.3578
  },
  {
    "date": "4/27/18 13:00",
    "ROC": -1.1451
  },
  {
    "date": "4/27/18 13:30",
    "ROC": -1.4506
  },
  {
    "date": "4/27/18 14:00",
    "ROC": -0.5897
  },
  {
    "date": "4/27/18 14:30",
    "ROC": -0.8625
  },
  {
    "date": "4/27/18 15:00",
    "ROC": -0.5815
  },
  {
    "date": "4/27/18 15:30",
    "ROC": -0.4397
  },
  {
    "date": "4/27/18 16:00",
    "ROC": -0.7114
  }
]