[
  {
    "date": "4/17/18 12:30",
    "MACD": 0.6336,
    "MACD_Hist": 0.411,
    "MACD_Signal": 0.2226
  },
  {
    "date": "4/17/18 13:00",
    "MACD": 0.6837,
    "MACD_Hist": 0.3688,
    "MACD_Signal": 0.3148
  },
  {
    "date": "4/17/18 13:30",
    "MACD": 0.7414,
    "MACD_Hist": 0.3412,
    "MACD_Signal": 0.4002
  },
  {
    "date": "4/17/18 14:00",
    "MACD": 0.7642,
    "MACD_Hist": 0.2912,
    "MACD_Signal": 0.473
  },
  {
    "date": "4/17/18 14:30",
    "MACD": 0.7706,
    "MACD_Hist": 0.2381,
    "MACD_Signal": 0.5325
  },
  {
    "date": "4/17/18 15:00",
    "MACD": 0.7708,
    "MACD_Hist": 0.1906,
    "MACD_Signal": 0.5801
  },
  {
    "date": "4/17/18 15:30",
    "MACD": 0.7777,
    "MACD_Hist": 0.158,
    "MACD_Signal": 0.6196
  },
  {
    "date": "4/17/18 16:00",
    "MACD": 0.7667,
    "MACD_Hist": 0.1176,
    "MACD_Signal": 0.649
  },
  {
    "date": "4/18/18 9:30",
    "MACD": 0.7365,
    "MACD_Hist": 0.07,
    "MACD_Signal": 0.6665
  },
  {
    "date": "4/18/18 10:00",
    "MACD": 0.695,
    "MACD_Hist": 0.0227,
    "MACD_Signal": 0.6722
  },
  {
    "date": "4/18/18 10:30",
    "MACD": 0.6461,
    "MACD_Hist": -0.0209,
    "MACD_Signal": 0.667
  },
  {
    "date": "4/18/18 11:00",
    "MACD": 0.6192,
    "MACD_Hist": -0.0382,
    "MACD_Signal": 0.6574
  },
  {
    "date": "4/18/18 11:30",
    "MACD": 0.6054,
    "MACD_Hist": -0.0416,
    "MACD_Signal": 0.647
  },
  {
    "date": "4/18/18 12:00",
    "MACD": 0.5678,
    "MACD_Hist": -0.0634,
    "MACD_Signal": 0.6312
  },
  {
    "date": "4/18/18 12:30",
    "MACD": 0.5482,
    "MACD_Hist": -0.0664,
    "MACD_Signal": 0.6146
  },
  {
    "date": "4/18/18 13:00",
    "MACD": 0.5206,
    "MACD_Hist": -0.0752,
    "MACD_Signal": 0.5958
  },
  {
    "date": "4/18/18 13:30",
    "MACD": 0.4796,
    "MACD_Hist": -0.093,
    "MACD_Signal": 0.5725
  },
  {
    "date": "4/18/18 14:00",
    "MACD": 0.4307,
    "MACD_Hist": -0.1135,
    "MACD_Signal": 0.5442
  },
  {
    "date": "4/18/18 14:30",
    "MACD": 0.4107,
    "MACD_Hist": -0.1068,
    "MACD_Signal": 0.5175
  },
  {
    "date": "4/18/18 15:00",
    "MACD": 0.3782,
    "MACD_Hist": -0.1114,
    "MACD_Signal": 0.4896
  },
  {
    "date": "4/18/18 15:30",
    "MACD": 0.3454,
    "MACD_Hist": -0.1154,
    "MACD_Signal": 0.4608
  },
  {
    "date": "4/18/18 16:00",
    "MACD": 0.3169,
    "MACD_Hist": -0.1151,
    "MACD_Signal": 0.432
  },
  {
    "date": "4/19/18 9:30",
    "MACD": 0.2762,
    "MACD_Hist": -0.1246,
    "MACD_Signal": 0.4009
  },
  {
    "date": "4/19/18 10:00",
    "MACD": 0.3106,
    "MACD_Hist": -0.0722,
    "MACD_Signal": 0.3828
  },
  {
    "date": "4/19/18 10:30",
    "MACD": 0.279,
    "MACD_Hist": -0.083,
    "MACD_Signal": 0.3621
  },
  {
    "date": "4/19/18 11:00",
    "MACD": 0.2307,
    "MACD_Hist": -0.1051,
    "MACD_Signal": 0.3358
  },
  {
    "date": "4/19/18 11:30",
    "MACD": 0.1898,
    "MACD_Hist": -0.1168,
    "MACD_Signal": 0.3066
  },
  {
    "date": "4/19/18 12:00",
    "MACD": 0.1437,
    "MACD_Hist": -0.1303,
    "MACD_Signal": 0.274
  },
  {
    "date": "4/19/18 12:30",
    "MACD": 0.1043,
    "MACD_Hist": -0.1358,
    "MACD_Signal": 0.2401
  },
  {
    "date": "4/19/18 13:00",
    "MACD": 0.0778,
    "MACD_Hist": -0.1298,
    "MACD_Signal": 0.2076
  },
  {
    "date": "4/19/18 13:30",
    "MACD": 0.049,
    "MACD_Hist": -0.1269,
    "MACD_Signal": 0.1759
  },
  {
    "date": "4/19/18 14:00",
    "MACD": 0.0299,
    "MACD_Hist": -0.1168,
    "MACD_Signal": 0.1467
  },
  {
    "date": "4/19/18 14:30",
    "MACD": 0.0249,
    "MACD_Hist": -0.0974,
    "MACD_Signal": 0.1223
  },
  {
    "date": "4/19/18 15:00",
    "MACD": 0.0271,
    "MACD_Hist": -0.0762,
    "MACD_Signal": 0.1033
  },
  {
    "date": "4/19/18 15:30",
    "MACD": 0.0309,
    "MACD_Hist": -0.0579,
    "MACD_Signal": 0.0888
  },
  {
    "date": "4/19/18 16:00",
    "MACD": 0.0463,
    "MACD_Hist": -0.034,
    "MACD_Signal": 0.0803
  },
  {
    "date": "4/20/18 9:30",
    "MACD": 0.1464,
    "MACD_Hist": 0.0529,
    "MACD_Signal": 0.0935
  },
  {
    "date": "4/20/18 10:00",
    "MACD": 0.2248,
    "MACD_Hist": 0.105,
    "MACD_Signal": 0.1198
  },
  {
    "date": "4/20/18 10:30",
    "MACD": 0.2828,
    "MACD_Hist": 0.1304,
    "MACD_Signal": 0.1524
  },
  {
    "date": "4/20/18 11:00",
    "MACD": 0.3144,
    "MACD_Hist": 0.1296,
    "MACD_Signal": 0.1848
  },
  {
    "date": "4/20/18 11:30",
    "MACD": 0.2991,
    "MACD_Hist": 0.0915,
    "MACD_Signal": 0.2076
  },
  {
    "date": "4/20/18 12:00",
    "MACD": 0.2901,
    "MACD_Hist": 0.066,
    "MACD_Signal": 0.2241
  },
  {
    "date": "4/20/18 12:30",
    "MACD": 0.279,
    "MACD_Hist": 0.0439,
    "MACD_Signal": 0.2351
  },
  {
    "date": "4/20/18 13:00",
    "MACD": 0.2511,
    "MACD_Hist": 0.0128,
    "MACD_Signal": 0.2383
  },
  {
    "date": "4/20/18 13:30",
    "MACD": 0.2169,
    "MACD_Hist": -0.0172,
    "MACD_Signal": 0.234
  },
  {
    "date": "4/20/18 14:00",
    "MACD": 0.1947,
    "MACD_Hist": -0.0314,
    "MACD_Signal": 0.2262
  },
  {
    "date": "4/20/18 14:30",
    "MACD": 0.1803,
    "MACD_Hist": -0.0367,
    "MACD_Signal": 0.217
  },
  {
    "date": "4/20/18 15:00",
    "MACD": 0.1634,
    "MACD_Hist": -0.0429,
    "MACD_Signal": 0.2063
  },
  {
    "date": "4/20/18 15:30",
    "MACD": 0.1427,
    "MACD_Hist": -0.0508,
    "MACD_Signal": 0.1936
  },
  {
    "date": "4/20/18 16:00",
    "MACD": 0.1297,
    "MACD_Hist": -0.0511,
    "MACD_Signal": 0.1808
  },
  {
    "date": "4/23/18 9:30",
    "MACD": 0.1634,
    "MACD_Hist": -0.0139,
    "MACD_Signal": 0.1773
  },
  {
    "date": "4/23/18 10:00",
    "MACD": 0.0971,
    "MACD_Hist": -0.0642,
    "MACD_Signal": 0.1613
  },
  {
    "date": "4/23/18 10:30",
    "MACD": 0.0663,
    "MACD_Hist": -0.0759,
    "MACD_Signal": 0.1423
  },
  {
    "date": "4/23/18 11:00",
    "MACD": 0.0439,
    "MACD_Hist": -0.0787,
    "MACD_Signal": 0.1226
  },
  {
    "date": "4/23/18 11:30",
    "MACD": 0.0282,
    "MACD_Hist": -0.0755,
    "MACD_Signal": 0.1037
  },
  {
    "date": "4/23/18 12:00",
    "MACD": 0.002,
    "MACD_Hist": -0.0814,
    "MACD_Signal": 0.0834
  },
  {
    "date": "4/23/18 12:30",
    "MACD": -0.0377,
    "MACD_Hist": -0.0969,
    "MACD_Signal": 0.0592
  },
  {
    "date": "4/23/18 13:00",
    "MACD": -0.0735,
    "MACD_Hist": -0.1062,
    "MACD_Signal": 0.0326
  },
  {
    "date": "4/23/18 13:30",
    "MACD": -0.0836,
    "MACD_Hist": -0.093,
    "MACD_Signal": 0.0094
  },
  {
    "date": "4/23/18 14:00",
    "MACD": -0.101,
    "MACD_Hist": -0.0883,
    "MACD_Signal": -0.0127
  },
  {
    "date": "4/23/18 14:30",
    "MACD": -0.1241,
    "MACD_Hist": -0.0892,
    "MACD_Signal": -0.035
  },
  {
    "date": "4/23/18 15:00",
    "MACD": -0.1636,
    "MACD_Hist": -0.1029,
    "MACD_Signal": -0.0607
  },
  {
    "date": "4/23/18 15:30",
    "MACD": -0.172,
    "MACD_Hist": -0.089,
    "MACD_Signal": -0.083
  },
  {
    "date": "4/23/18 16:00",
    "MACD": -0.1702,
    "MACD_Hist": -0.0698,
    "MACD_Signal": -0.1004
  },
  {
    "date": "4/24/18 10:00",
    "MACD": -0.1883,
    "MACD_Hist": -0.0704,
    "MACD_Signal": -0.118
  },
  {
    "date": "4/24/18 10:30",
    "MACD": -0.1949,
    "MACD_Hist": -0.0615,
    "MACD_Signal": -0.1334
  },
  {
    "date": "4/24/18 11:00",
    "MACD": -0.2191,
    "MACD_Hist": -0.0686,
    "MACD_Signal": -0.1505
  },
  {
    "date": "4/24/18 11:30",
    "MACD": -0.2621,
    "MACD_Hist": -0.0893,
    "MACD_Signal": -0.1728
  },
  {
    "date": "4/24/18 12:00",
    "MACD": -0.2748,
    "MACD_Hist": -0.0816,
    "MACD_Signal": -0.1932
  },
  {
    "date": "4/24/18 12:30",
    "MACD": -0.326,
    "MACD_Hist": -0.1062,
    "MACD_Signal": -0.2198
  },
  {
    "date": "4/24/18 13:00",
    "MACD": -0.3599,
    "MACD_Hist": -0.1121,
    "MACD_Signal": -0.2478
  },
  {
    "date": "4/24/18 13:30",
    "MACD": -0.3888,
    "MACD_Hist": -0.1128,
    "MACD_Signal": -0.276
  },
  {
    "date": "4/24/18 14:00",
    "MACD": -0.4142,
    "MACD_Hist": -0.1105,
    "MACD_Signal": -0.3036
  },
  {
    "date": "4/24/18 14:30",
    "MACD": -0.4206,
    "MACD_Hist": -0.0935,
    "MACD_Signal": -0.327
  },
  {
    "date": "4/24/18 15:00",
    "MACD": -0.4176,
    "MACD_Hist": -0.0725,
    "MACD_Signal": -0.3451
  },
  {
    "date": "4/24/18 15:30",
    "MACD": -0.4081,
    "MACD_Hist": -0.0504,
    "MACD_Signal": -0.3577
  },
  {
    "date": "4/24/18 16:00",
    "MACD": -0.3681,
    "MACD_Hist": -0.0083,
    "MACD_Signal": -0.3598
  },
  {
    "date": "4/25/18 9:30",
    "MACD": -0.2648,
    "MACD_Hist": 0.076,
    "MACD_Signal": -0.3408
  },
  {
    "date": "4/25/18 10:00",
    "MACD": -0.4292,
    "MACD_Hist": -0.0707,
    "MACD_Signal": -0.3585
  },
  {
    "date": "4/25/18 10:30",
    "MACD": -0.4683,
    "MACD_Hist": -0.0878,
    "MACD_Signal": -0.3804
  },
  {
    "date": "4/25/18 11:00",
    "MACD": -0.5398,
    "MACD_Hist": -0.1275,
    "MACD_Signal": -0.4123
  },
  {
    "date": "4/25/18 11:30",
    "MACD": -0.5099,
    "MACD_Hist": -0.0781,
    "MACD_Signal": -0.4318
  },
  {
    "date": "4/25/18 12:00",
    "MACD": -0.5333,
    "MACD_Hist": -0.0812,
    "MACD_Signal": -0.4521
  },
  {
    "date": "4/25/18 12:30",
    "MACD": -0.5305,
    "MACD_Hist": -0.0627,
    "MACD_Signal": -0.4678
  },
  {
    "date": "4/25/18 13:00",
    "MACD": -0.5389,
    "MACD_Hist": -0.0568,
    "MACD_Signal": -0.482
  },
  {
    "date": "4/25/18 13:30",
    "MACD": -0.533,
    "MACD_Hist": -0.0408,
    "MACD_Signal": -0.4922
  },
  {
    "date": "4/25/18 14:00",
    "MACD": -0.5027,
    "MACD_Hist": -0.0084,
    "MACD_Signal": -0.4943
  },
  {
    "date": "4/25/18 14:30",
    "MACD": -0.4729,
    "MACD_Hist": 0.0171,
    "MACD_Signal": -0.49
  },
  {
    "date": "4/25/18 15:00",
    "MACD": -0.437,
    "MACD_Hist": 0.0424,
    "MACD_Signal": -0.4794
  },
  {
    "date": "4/25/18 15:30",
    "MACD": -0.425,
    "MACD_Hist": 0.0435,
    "MACD_Signal": -0.4685
  },
  {
    "date": "4/25/18 16:00",
    "MACD": -0.3537,
    "MACD_Hist": 0.0918,
    "MACD_Signal": -0.4456
  },
  {
    "date": "4/26/18 9:30",
    "MACD": -0.2572,
    "MACD_Hist": 0.1507,
    "MACD_Signal": -0.4079
  },
  {
    "date": "4/26/18 10:00",
    "MACD": -0.1371,
    "MACD_Hist": 0.2166,
    "MACD_Signal": -0.3537
  },
  {
    "date": "4/26/18 10:30",
    "MACD": -0.0191,
    "MACD_Hist": 0.2677,
    "MACD_Signal": -0.2868
  },
  {
    "date": "4/26/18 11:00",
    "MACD": 0.0791,
    "MACD_Hist": 0.2927,
    "MACD_Signal": -0.2136
  },
  {
    "date": "4/26/18 11:30",
    "MACD": 0.1639,
    "MACD_Hist": 0.3021,
    "MACD_Signal": -0.1381
  },
  {
    "date": "4/26/18 12:00",
    "MACD": 0.1942,
    "MACD_Hist": 0.2658,
    "MACD_Signal": -0.0717
  },
  {
    "date": "4/26/18 12:30",
    "MACD": 0.2161,
    "MACD_Hist": 0.2302,
    "MACD_Signal": -0.0141
  },
  {
    "date": "4/26/18 13:00",
    "MACD": 0.2078,
    "MACD_Hist": 0.1775,
    "MACD_Signal": 0.0303
  },
  {
    "date": "4/26/18 13:30",
    "MACD": 0.1865,
    "MACD_Hist": 0.1249,
    "MACD_Signal": 0.0615
  },
  {
    "date": "4/26/18 14:00",
    "MACD": 0.1668,
    "MACD_Hist": 0.0842,
    "MACD_Signal": 0.0826
  },
  {
    "date": "4/26/18 14:30",
    "MACD": 0.1589,
    "MACD_Hist": 0.0611,
    "MACD_Signal": 0.0978
  },
  {
    "date": "4/26/18 15:00",
    "MACD": 0.1583,
    "MACD_Hist": 0.0483,
    "MACD_Signal": 0.1099
  },
  {
    "date": "4/26/18 15:30",
    "MACD": 0.1376,
    "MACD_Hist": 0.0221,
    "MACD_Signal": 0.1155
  },
  {
    "date": "4/26/18 16:00",
    "MACD": 0.1063,
    "MACD_Hist": -0.0073,
    "MACD_Signal": 0.1136
  },
  {
    "date": "4/27/18 12:30",
    "MACD": 0.6336,
    "MACD_Hist": 0.411,
    "MACD_Signal": 0.2226
  },
  {
    "date": "4/27/18 13:00",
    "MACD": 0.6837,
    "MACD_Hist": 0.3688,
    "MACD_Signal": 0.3148
  },
  {
    "date": "4/27/18 13:30",
    "MACD": 0.7414,
    "MACD_Hist": 0.3412,
    "MACD_Signal": 0.4002
  },
  {
    "date": "4/27/18 14:00",
    "MACD": 0.7642,
    "MACD_Hist": 0.2912,
    "MACD_Signal": 0.473
  },
  {
    "date": "4/27/18 14:30",
    "MACD": 0.7706,
    "MACD_Hist": 0.2381,
    "MACD_Signal": 0.5325
  },
  {
    "date": "4/27/18 15:00",
    "MACD": 0.7708,
    "MACD_Hist": 0.1906,
    "MACD_Signal": 0.5801
  },
  {
    "date": "4/27/18 15:30",
    "MACD": 0.7777,
    "MACD_Hist": 0.158,
    "MACD_Signal": 0.6196
  },
  {
    "date": "4/27/18 16:00",
    "MACD": 0.7667,
    "MACD_Hist": 0.1176,
    "MACD_Signal": 0.649
  }
]