[
  {
    "date": "4/13/18 9:30",
    "OBV": 250
  },
  {
    "date": "4/13/18 10:00",
    "OBV": -1822962
  },
  {
    "date": "4/13/18 10:30",
    "OBV": -3061442
  },
  {
    "date": "4/13/18 11:00",
    "OBV": -2160260
  },
  {
    "date": "4/13/18 11:30",
    "OBV": -2661149
  },
  {
    "date": "4/13/18 12:00",
    "OBV": -1968803
  },
  {
    "date": "4/13/18 12:30",
    "OBV": -1354159
  },
  {
    "date": "4/13/18 13:00",
    "OBV": -1751730
  },
  {
    "date": "4/13/18 13:30",
    "OBV": -2219402
  },
  {
    "date": "4/13/18 14:00",
    "OBV": -2558930
  },
  {
    "date": "4/13/18 14:30",
    "OBV": -2951790
  },
  {
    "date": "4/13/18 15:00",
    "OBV": -3682110
  },
  {
    "date": "4/13/18 15:30",
    "OBV": -5363535
  },
  {
    "date": "4/13/18 16:00",
    "OBV": -3635146
  },
  {
    "date": "4/16/18 10:00",
    "OBV": -5313758
  },
  {
    "date": "4/16/18 10:30",
    "OBV": -4372301
  },
  {
    "date": "4/16/18 11:00",
    "OBV": -4962260
  },
  {
    "date": "4/16/18 11:30",
    "OBV": -5817569
  },
  {
    "date": "4/16/18 12:00",
    "OBV": -5323649
  },
  {
    "date": "4/16/18 12:30",
    "OBV": -4817551
  },
  {
    "date": "4/16/18 13:00",
    "OBV": -4336860
  },
  {
    "date": "4/16/18 13:30",
    "OBV": -4571906
  },
  {
    "date": "4/16/18 14:00",
    "OBV": -4940668
  },
  {
    "date": "4/16/18 14:30",
    "OBV": -4654362
  },
  {
    "date": "4/16/18 15:00",
    "OBV": -4388040
  },
  {
    "date": "4/16/18 15:30",
    "OBV": -4804420
  },
  {
    "date": "4/16/18 16:00",
    "OBV": -6794203
  },
  {
    "date": "4/17/18 9:30",
    "OBV": -6793303
  },
  {
    "date": "4/17/18 10:00",
    "OBV": 209562
  },
  {
    "date": "4/17/18 10:30",
    "OBV": 4671870
  },
  {
    "date": "4/17/18 11:00",
    "OBV": 9624511
  },
  {
    "date": "4/17/18 11:30",
    "OBV": 5811123
  },
  {
    "date": "4/17/18 12:00",
    "OBV": 8687292
  },
  {
    "date": "4/17/18 12:30",
    "OBV": 11355178
  },
  {
    "date": "4/17/18 13:00",
    "OBV": 9247502
  },
  {
    "date": "4/17/18 13:30",
    "OBV": 11810736
  },
  {
    "date": "4/17/18 14:00",
    "OBV": 8573716
  },
  {
    "date": "4/17/18 14:30",
    "OBV": 6251724
  },
  {
    "date": "4/17/18 15:00",
    "OBV": 7647728
  },
  {
    "date": "4/17/18 15:30",
    "OBV": 10435955
  },
  {
    "date": "4/17/18 16:00",
    "OBV": 6736694
  },
  {
    "date": "4/18/18 9:30",
    "OBV": 6733394
  },
  {
    "date": "4/18/18 10:00",
    "OBV": 1948658
  },
  {
    "date": "4/18/18 10:30",
    "OBV": -1546006
  },
  {
    "date": "4/18/18 11:00",
    "OBV": 643711
  },
  {
    "date": "4/18/18 11:30",
    "OBV": 3340538
  },
  {
    "date": "4/18/18 12:00",
    "OBV": 1860133
  },
  {
    "date": "4/18/18 12:30",
    "OBV": 3067228
  },
  {
    "date": "4/18/18 13:00",
    "OBV": 2099059
  },
  {
    "date": "4/18/18 13:30",
    "OBV": 1328677
  },
  {
    "date": "4/18/18 14:00",
    "OBV": 552733
  },
  {
    "date": "4/18/18 14:30",
    "OBV": 1391935
  },
  {
    "date": "4/18/18 15:00",
    "OBV": 358134
  },
  {
    "date": "4/18/18 15:30",
    "OBV": -341375
  },
  {
    "date": "4/18/18 16:00",
    "OBV": 1693125
  },
  {
    "date": "4/19/18 9:30",
    "OBV": 1689125
  },
  {
    "date": "4/19/18 10:00",
    "OBV": 6065049
  },
  {
    "date": "4/19/18 10:30",
    "OBV": 3089146
  },
  {
    "date": "4/19/18 11:00",
    "OBV": 514495
  },
  {
    "date": "4/19/18 11:30",
    "OBV": -1551214
  },
  {
    "date": "4/19/18 12:00",
    "OBV": -2555556
  },
  {
    "date": "4/19/18 12:30",
    "OBV": -3549175
  },
  {
    "date": "4/19/18 13:00",
    "OBV": -2800489
  },
  {
    "date": "4/19/18 13:30",
    "OBV": -3466841
  },
  {
    "date": "4/19/18 14:00",
    "OBV": -2755287
  },
  {
    "date": "4/19/18 14:30",
    "OBV": -2070334
  },
  {
    "date": "4/19/18 15:00",
    "OBV": -1328516
  },
  {
    "date": "4/19/18 15:30",
    "OBV": -419835
  },
  {
    "date": "4/19/18 16:00",
    "OBV": 1844868
  },
  {
    "date": "4/20/18 9:30",
    "OBV": 1845368
  },
  {
    "date": "4/20/18 10:00",
    "OBV": 9312995
  },
  {
    "date": "4/20/18 10:30",
    "OBV": 6350157
  },
  {
    "date": "4/20/18 11:00",
    "OBV": 3419853
  },
  {
    "date": "4/20/18 11:30",
    "OBV": 514028
  },
  {
    "date": "4/20/18 12:00",
    "OBV": 2523243
  },
  {
    "date": "4/20/18 12:30",
    "OBV": 36099
  },
  {
    "date": "4/20/18 13:00",
    "OBV": -1257703
  },
  {
    "date": "4/20/18 13:30",
    "OBV": -2753407
  },
  {
    "date": "4/20/18 14:00",
    "OBV": -1215307
  },
  {
    "date": "4/20/18 14:30",
    "OBV": -179327
  },
  {
    "date": "4/20/18 15:00",
    "OBV": -1302809
  },
  {
    "date": "4/20/18 15:30",
    "OBV": -3003806
  },
  {
    "date": "4/20/18 16:00",
    "OBV": -353350
  },
  {
    "date": "4/23/18 9:30",
    "OBV": -350288
  },
  {
    "date": "4/23/18 10:00",
    "OBV": -5646904
  },
  {
    "date": "4/23/18 10:30",
    "OBV": -2248470
  },
  {
    "date": "4/23/18 11:00",
    "OBV": -116049
  },
  {
    "date": "4/23/18 11:30",
    "OBV": 1477640
  },
  {
    "date": "4/23/18 12:00",
    "OBV": -342824
  },
  {
    "date": "4/23/18 12:30",
    "OBV": -1364715
  },
  {
    "date": "4/23/18 13:00",
    "OBV": -2609977
  },
  {
    "date": "4/23/18 13:30",
    "OBV": -1044656
  },
  {
    "date": "4/23/18 14:00",
    "OBV": -2169627
  },
  {
    "date": "4/23/18 14:30",
    "OBV": -3327752
  },
  {
    "date": "4/23/18 15:00",
    "OBV": -5058652
  },
  {
    "date": "4/23/18 15:30",
    "OBV": -3432492
  },
  {
    "date": "4/23/18 16:00",
    "OBV": -1189783
  },
  {
    "date": "4/24/18 10:00",
    "OBV": -5678543
  },
  {
    "date": "4/24/18 10:30",
    "OBV": -3191519
  },
  {
    "date": "4/24/18 11:00",
    "OBV": -5806347
  },
  {
    "date": "4/24/18 11:30",
    "OBV": -9025185
  },
  {
    "date": "4/24/18 12:00",
    "OBV": -6015041
  },
  {
    "date": "4/24/18 12:30",
    "OBV": -8121400
  },
  {
    "date": "4/24/18 13:00",
    "OBV": -4766566
  },
  {
    "date": "4/24/18 13:30",
    "OBV": -6189225
  },
  {
    "date": "4/24/18 14:00",
    "OBV": -8083694
  },
  {
    "date": "4/24/18 14:30",
    "OBV": -5932176
  },
  {
    "date": "4/24/18 15:00",
    "OBV": -4154912
  },
  {
    "date": "4/24/18 15:30",
    "OBV": -1925882
  },
  {
    "date": "4/24/18 16:00",
    "OBV": 4474473
  },
  {
    "date": "4/25/18 9:30",
    "OBV": 4483973
  },
  {
    "date": "4/25/18 10:00",
    "OBV": -16309984
  },
  {
    "date": "4/25/18 10:30",
    "OBV": -5955818
  },
  {
    "date": "4/25/18 11:00",
    "OBV": -13417738
  },
  {
    "date": "4/25/18 11:30",
    "OBV": -7106285
  },
  {
    "date": "4/25/18 12:00",
    "OBV": -11122506
  },
  {
    "date": "4/25/18 12:30",
    "OBV": -7689007
  },
  {
    "date": "4/25/18 13:00",
    "OBV": -10582508
  },
  {
    "date": "4/25/18 13:30",
    "OBV": -6402290
  },
  {
    "date": "4/25/18 14:00",
    "OBV": -2529830
  },
  {
    "date": "4/25/18 14:30",
    "OBV": 1644216
  },
  {
    "date": "4/25/18 15:00",
    "OBV": 4203305
  },
  {
    "date": "4/25/18 15:30",
    "OBV": 1176937
  },
  {
    "date": "4/25/18 16:00",
    "OBV": 7420692
  },
  {
    "date": "4/26/18 9:30",
    "OBV": 7421192
  },
  {
    "date": "4/26/18 10:00",
    "OBV": 16306727
  },
  {
    "date": "4/26/18 10:30",
    "OBV": 22582018
  },
  {
    "date": "4/26/18 11:00",
    "OBV": 26548506
  },
  {
    "date": "4/26/18 11:30",
    "OBV": 29878841
  },
  {
    "date": "4/26/18 12:00",
    "OBV": 26974361
  },
  {
    "date": "4/26/18 12:30",
    "OBV": 28902303
  },
  {
    "date": "4/26/18 13:00",
    "OBV": 27061843
  },
  {
    "date": "4/26/18 13:30",
    "OBV": 25245623
  },
  {
    "date": "4/26/18 14:00",
    "OBV": 23439327
  },
  {
    "date": "4/26/18 14:30",
    "OBV": 24919717
  },
  {
    "date": "4/26/18 15:00",
    "OBV": 27059190
  },
  {
    "date": "4/26/18 15:30",
    "OBV": 25530199
  },
  {
    "date": "4/26/18 16:00",
    "OBV": 22504073
  },
  {
    "date": "4/27/18 9:30",
    "OBV": 250
  },
  {
    "date": "4/27/18 10:00",
    "OBV": -1822962
  },
  {
    "date": "4/27/18 10:30",
    "OBV": -3061442
  },
  {
    "date": "4/27/18 11:00",
    "OBV": -2160260
  },
  {
    "date": "4/27/18 11:30",
    "OBV": -2661149
  },
  {
    "date": "4/27/18 12:00",
    "OBV": -1968803
  },
  {
    "date": "4/27/18 12:30",
    "OBV": -1354159
  },
  {
    "date": "4/27/18 13:00",
    "OBV": -1751730
  },
  {
    "date": "4/27/18 13:30",
    "OBV": -2219402
  },
  {
    "date": "4/27/18 14:00",
    "OBV": -2558930
  },
  {
    "date": "4/27/18 14:30",
    "OBV": -2951790
  },
  {
    "date": "4/27/18 15:00",
    "OBV": -3682110
  },
  {
    "date": "4/27/18 15:30",
    "OBV": -5363535
  },
  {
    "date": "4/27/18 16:00",
    "OBV": -3635146
  }
]