[
  {
    "date": "4/19/18 12:00",
    "ROC": 6.4637
  },
  {
    "date": "4/19/18 12:30",
    "ROC": 7.0175
  },
  {
    "date": "4/19/18 13:00",
    "ROC": 8.3015
  },
  {
    "date": "4/19/18 13:30",
    "ROC": 7.69
  },
  {
    "date": "4/19/18 14:00",
    "ROC": 8.0125
  },
  {
    "date": "4/19/18 14:30",
    "ROC": 7.6791
  },
  {
    "date": "4/19/18 15:00",
    "ROC": 7.7128
  },
  {
    "date": "4/19/18 15:30",
    "ROC": 8.0765
  },
  {
    "date": "4/19/18 16:00",
    "ROC": 8.8337
  },
  {
    "date": "4/20/18 9:30",
    "ROC": 12.6833
  },
  {
    "date": "4/20/18 10:00",
    "ROC": 13.0278
  },
  {
    "date": "4/20/18 10:30",
    "ROC": 13.6
  },
  {
    "date": "4/20/18 11:00",
    "ROC": 14.0487
  },
  {
    "date": "4/20/18 11:30",
    "ROC": 11.5478
  },
  {
    "date": "4/20/18 12:00",
    "ROC": 12.4126
  },
  {
    "date": "4/20/18 12:30",
    "ROC": 11.5159
  },
  {
    "date": "4/20/18 13:00",
    "ROC": 11.7956
  },
  {
    "date": "4/20/18 13:30",
    "ROC": 11.4926
  },
  {
    "date": "4/20/18 14:00",
    "ROC": 11.3398
  },
  {
    "date": "4/20/18 14:30",
    "ROC": 11.1787
  },
  {
    "date": "4/20/18 15:00",
    "ROC": 10.7527
  },
  {
    "date": "4/20/18 15:30",
    "ROC": 10.7885
  },
  {
    "date": "4/20/18 16:00",
    "ROC": 11.3359
  },
  {
    "date": "4/23/18 9:30",
    "ROC": 13.2056
  },
  {
    "date": "4/23/18 10:00",
    "ROC": 8.9677
  },
  {
    "date": "4/23/18 10:30",
    "ROC": 10.094
  },
  {
    "date": "4/23/18 11:00",
    "ROC": 10.7764
  },
  {
    "date": "4/23/18 11:30",
    "ROC": 7.6792
  },
  {
    "date": "4/23/18 12:00",
    "ROC": 3.616
  },
  {
    "date": "4/23/18 12:30",
    "ROC": 1.7401
  },
  {
    "date": "4/23/18 13:00",
    "ROC": -0.2241
  },
  {
    "date": "4/23/18 13:30",
    "ROC": 0.7895
  },
  {
    "date": "4/23/18 14:00",
    "ROC": -0.6346
  },
  {
    "date": "4/23/18 14:30",
    "ROC": -1.5349
  },
  {
    "date": "4/23/18 15:00",
    "ROC": -2.1549
  },
  {
    "date": "4/23/18 15:30",
    "ROC": -2.3518
  },
  {
    "date": "4/23/18 16:00",
    "ROC": -1.5608
  },
  {
    "date": "4/24/18 10:00",
    "ROC": -2.3043
  },
  {
    "date": "4/24/18 10:30",
    "ROC": -2.2376
  },
  {
    "date": "4/24/18 11:00",
    "ROC": -3.6727
  },
  {
    "date": "4/24/18 11:30",
    "ROC": -4.4298
  },
  {
    "date": "4/24/18 12:00",
    "ROC": -3.2365
  },
  {
    "date": "4/24/18 12:30",
    "ROC": -4.6276
  },
  {
    "date": "4/24/18 13:00",
    "ROC": -4.2137
  },
  {
    "date": "4/24/18 13:30",
    "ROC": -5.1768
  },
  {
    "date": "4/24/18 14:00",
    "ROC": -5.995
  },
  {
    "date": "4/24/18 14:30",
    "ROC": -4.9035
  },
  {
    "date": "4/24/18 15:00",
    "ROC": -5.3905
  },
  {
    "date": "4/24/18 15:30",
    "ROC": -5.0725
  },
  {
    "date": "4/24/18 16:00",
    "ROC": -3.4569
  },
  {
    "date": "4/25/18 9:30",
    "ROC": -0.3182
  },
  {
    "date": "4/25/18 10:00",
    "ROC": -11.0467
  },
  {
    "date": "4/25/18 10:30",
    "ROC": -7.2508
  },
  {
    "date": "4/25/18 11:00",
    "ROC": -8.9756
  },
  {
    "date": "4/25/18 11:30",
    "ROC": -5.8488
  },
  {
    "date": "4/25/18 12:00",
    "ROC": -7.398
  },
  {
    "date": "4/25/18 12:30",
    "ROC": -9.3081
  },
  {
    "date": "4/25/18 13:00",
    "ROC": -7.9897
  },
  {
    "date": "4/25/18 13:30",
    "ROC": -6.9842
  },
  {
    "date": "4/25/18 14:00",
    "ROC": -6.1861
  },
  {
    "date": "4/25/18 14:30",
    "ROC": -5.718
  },
  {
    "date": "4/25/18 15:00",
    "ROC": -5.368
  },
  {
    "date": "4/25/18 15:30",
    "ROC": -6.4304
  },
  {
    "date": "4/25/18 16:00",
    "ROC": -3.8601
  },
  {
    "date": "4/26/18 9:30",
    "ROC": -2.5369
  },
  {
    "date": "4/26/18 10:00",
    "ROC": -1.2792
  },
  {
    "date": "4/26/18 10:30",
    "ROC": -0.6373
  },
  {
    "date": "4/26/18 11:00",
    "ROC": -0.5099
  },
  {
    "date": "4/26/18 11:30",
    "ROC": -0.6658
  },
  {
    "date": "4/26/18 12:00",
    "ROC": -5.362
  },
  {
    "date": "4/26/18 12:30",
    "ROC": -5.4045
  },
  {
    "date": "4/26/18 13:00",
    "ROC": -6.2578
  },
  {
    "date": "4/26/18 13:30",
    "ROC": -6.3539
  },
  {
    "date": "4/26/18 14:00",
    "ROC": -5.0514
  },
  {
    "date": "4/26/18 14:30",
    "ROC": -4.9216
  },
  {
    "date": "4/26/18 15:00",
    "ROC": -4.6049
  },
  {
    "date": "4/26/18 15:30",
    "ROC": -4.7276
  },
  {
    "date": "4/26/18 16:00",
    "ROC": -4.9026
  },
  {
    "date": "4/27/18 12:00",
    "ROC": 6.4637
  },
  {
    "date": "4/27/18 12:30",
    "ROC": 7.0175
  },
  {
    "date": "4/27/18 13:00",
    "ROC": 8.3015
  },
  {
    "date": "4/27/18 13:30",
    "ROC": 7.69
  },
  {
    "date": "4/27/18 14:00",
    "ROC": 8.0125
  },
  {
    "date": "4/27/18 14:30",
    "ROC": 7.6791
  },
  {
    "date": "4/27/18 15:00",
    "ROC": 7.7128
  },
  {
    "date": "4/27/18 15:30",
    "ROC": 8.0765
  },
  {
    "date": "4/27/18 16:00",
    "ROC": 8.8337
  }
]